awillis9 = awillis9 <awillis9@zero.physics.gatech.edu>
brobbins30 = brobbins30 <brobbins30@zero.physics.gatech.edu>
cshi31 = cshi31 <cshi31@zero.physics.gatech.edu>
dborrero = dborrero <dborrero@zero.physics.gatech.edu>
domenico = domenico <domenico@zero.physics.gatech.edu>
froehlich = froehlich <froehlich@zero.physics.gatech.edu>
geqi = geqi <geqi@zero.physics.gatech.edu>
gibson = gibson <gibson@zero.physics.gatech.edu>
kazumasa = kazumasa <kazumasa@zero.physics.gatech.edu>
kcarroll3 = kcarroll3 <kcarroll3@zero.physics.gatech.edu>
lzhang98 = lzhang98 <lzhang98@zero.physics.gatech.edu>
predrag = predrag <predrag@zero.physics.gatech.edu>
ruslan = ruslan <ruslan@zero.physics.gatech.edu>
siminos = siminos <siminos@zero.physics.gatech.edu>
sortega = sortega <sortega@zero.physics.gatech.edu>
vasimos = vasimos <vasimos@zero.physics.gatech.edu>
wilczak = wilczak <wilczak@zero.physics.gatech.edu>
